time,brix,brix_ravg,temp,status,setpoint,abv,gravity,wday,day,month,year,hour
2021-09-21T00:04:52Z,-1.0091552734375,-1.72393798828125,75.18230438232422,15,85,0.07879638671875,0.9891995191574097,Tue,21,Sep,2021,0
2021-09-21T00:04:53Z,-0.70318603515625,-1.72393798828125,75.18230438232422,15,85,0.07879638671875,0.9891995191574097,Tue,21,Sep,2021,0
2021-09-21T00:16:33Z,-0.70318603515625,-1.72393798828125,75.18230438232422,15,85,0.07879638671875,0.9891995191574097,Tue,21,Sep,2021,0
2021-09-21T00:16:34Z,-0.70318603515625,-1.72393798828125,75.18230438232422,15,85,0.07879638671875,0.9891995191574097,Tue,21,Sep,2021,0
2021-09-21T00:28:27Z,-0.70318603515625,-1.72393798828125,75.18230438232422,15,85,0.07879638671875,0.9891995191574097,Tue,21,Sep,2021,0
2021-09-21T00:28:30Z,-0.70318603515625,-1.72393798828125,75.18230438232422,15,85,0.07879638671875,0.9891995191574097,Tue,21,Sep,2021,0
2021-09-21T00:40:15Z,-0.70318603515625,-1.72393798828125,75.18230438232422,15,85,0.07879638671875,0.9891995191574097,Tue,21,Sep,2021,0
2021-09-21T00:40:17Z,-0.70318603515625,-1.72393798828125,75.18230438232422,15,85,0.07879638671875,0.9891995191574097,Tue,21,Sep,2021,0
2021-09-21T00:51:55Z,-0.70318603515625,-1.72393798828125,75.18230438232422,15,85,0.07879638671875,0.9891995191574097,Tue,21,Sep,2021,0
2021-09-21T00:51:56Z,-0.70318603515625,-1.72393798828125,75.18230438232422,15,85,0.07879638671875,0.9891995191574097,Tue,21,Sep,2021,0
2021-09-21T01:03:31Z,-0.70318603515625,-1.72393798828125,75.18230438232422,15,85,0.07879638671875,0.9891995191574097,Tue,21,Sep,2021,1
2021-09-21T01:15:14Z,-0.70318603515625,-1.72393798828125,75.18230438232422,15,85,0.07879638671875,0.9891995191574097,Tue,21,Sep,2021,1
2021-09-21T01:26:51Z,-0.70318603515625,-1.732177734375,75.18230438232422,15,85,0.07879638671875,0.9891995191574097,Tue,21,Sep,2021,1
2021-09-21T01:50:00Z,-0.70318603515625,-1.732177734375,75.18230438232422,15,85,0.07879638671875,0.9891995191574097,Tue,21,Sep,2021,1
2021-09-21T01:50:02Z,-0.70318603515625,-1.732177734375,75.18230438232422,15,85,0.07879638671875,0.9891995191574097,Tue,21,Sep,2021,1
2021-09-21T02:25:06Z,-0.70318603515625,-1.732177734375,75.18230438232422,15,85,0.07879638671875,0.9891995191574097,Tue,21,Sep,2021,2
2021-09-21T02:25:09Z,-0.70318603515625,-1.732177734375,75.18230438232422,15,85,0.07879638671875,0.9891995191574097,Tue,21,Sep,2021,2
2021-09-21T02:48:57Z,-1.84039306640625,-1.732177734375,75.18230438232422,15,85,0.07879638671875,0.9891995191574097,Tue,21,Sep,2021,2
2021-09-21T03:00:45Z,-1.84039306640625,-1.732177734375,75.18230438232422,15,85,0.07879638671875,0.9891995191574097,Tue,21,Sep,2021,3
2021-09-21T03:24:53Z,-1.84039306640625,-1.732177734375,75.18230438232422,15,85,0.07879638671875,0.9891995191574097,Tue,21,Sep,2021,3
2021-09-21T04:00:45Z,-1.84039306640625,-1.74859619140625,75.18230438232422,15,85,0.07879638671875,0.9891995191574097,Tue,21,Sep,2021,4
2021-09-21T04:12:36Z,-1.84039306640625,-1.74859619140625,75.18230438232422,15,85,0.07879638671875,0.9891995191574097,Tue,21,Sep,2021,4
2021-09-21T04:24:26Z,-1.84039306640625,-1.74859619140625,75.18230438232422,15,85,0.07879638671875,0.9891995191574097,Tue,21,Sep,2021,4
2021-09-21T04:24:27Z,-1.84039306640625,-1.74859619140625,75.18230438232422,15,85,0.07879638671875,0.9891995191574097,Tue,21,Sep,2021,4
2021-09-21T04:36:20Z,-1.84039306640625,-1.78326416015625,75.18230438232422,15,85,0.07879638671875,0.9891995191574097,Tue,21,Sep,2021,4
2021-09-21T04:36:20Z,-1.05584716796875,-1.78326416015625,75.18230438232422,15,85,0.07879638671875,0.9891995191574097,Tue,21,Sep,2021,4
2021-09-21T04:36:23Z,-1.05584716796875,-1.78326416015625,75.18230438232422,15,85,0.07879638671875,0.9891995191574097,Tue,21,Sep,2021,4
2021-09-21T04:48:18Z,-1.05584716796875,-1.78326416015625,75.18230438232422,15,85,0.07879638671875,0.9891995191574097,Tue,21,Sep,2021,4
2021-09-21T04:48:21Z,-1.05584716796875,-1.78326416015625,75.18230438232422,15,85,0.07879638671875,0.9891995191574097,Tue,21,Sep,2021,4
2021-09-21T05:00:06Z,-1.05584716796875,-1.78326416015625,75.18230438232422,15,85,0.07879638671875,0.9891995191574097,Tue,21,Sep,2021,5
2021-09-21T05:00:08Z,-1.05584716796875,-1.78326416015625,75.18230438232422,15,85,0.07879638671875,0.9891995191574097,Tue,21,Sep,2021,5
2021-09-21T05:00:08Z,-0.56146240234375,-1.784912109375,75.18230438232422,15,85,0.07879638671875,0.9891995191574097,Tue,21,Sep,2021,5
2021-09-21T05:23:22Z,-0.56146240234375,-1.784912109375,75.18230438232422,15,85,0.07879638671875,0.9891995191574097,Tue,21,Sep,2021,5
2021-09-21T05:35:03Z,-0.56146240234375,-1.784912109375,75.18230438232422,15,85,0.07879638671875,0.9891995191574097,Tue,21,Sep,2021,5
2021-09-21T05:35:06Z,-0.56146240234375,-1.784912109375,75.18230438232422,15,85,0.07879638671875,0.9891995191574097,Tue,21,Sep,2021,5
2021-09-21T05:46:40Z,-0.56146240234375,-1.784912109375,75.18230438232422,15,85,0.07879638671875,0.9891995191574097,Tue,21,Sep,2021,5
2021-09-21T05:46:41Z,-0.56146240234375,-1.784912109375,75.18230438232422,15,85,0.07879638671875,0.9891995191574097,Tue,21,Sep,2021,5
2021-09-21T06:01:25Z,-0.56146240234375,-1.784912109375,75.12678527832031,15,85,0.07879638671875,0.9891995191574097,Tue,21,Sep,2021,6
2021-09-21T06:21:31Z,-0.56146240234375,-1.784912109375,75.12678527832031,15,85,0.07879638671875,0.9891995191574097,Tue,21,Sep,2021,6
2021-09-21T06:21:34Z,-0.56146240234375,-1.784912109375,75.12678527832031,15,85,0.07879638671875,0.9891995191574097,Tue,21,Sep,2021,6
2021-09-21T06:33:13Z,-0.56146240234375,-1.784912109375,75.12678527832031,15,85,0.07879638671875,0.9891995191574097,Tue,21,Sep,2021,6
2021-09-21T06:33:16Z,-0.56146240234375,-1.784912109375,75.12678527832031,15,85,0.07879638671875,0.9891995191574097,Tue,21,Sep,2021,6
2021-09-21T06:45:05Z,-0.56146240234375,-1.784912109375,75.12678527832031,15,85,0.07879638671875,0.9891995191574097,Tue,21,Sep,2021,6
2021-09-21T06:45:07Z,-0.56146240234375,-1.784912109375,75.12678527832031,15,85,0.07879638671875,0.9891995191574097,Tue,21,Sep,2021,6
2021-09-21T06:55:36Z,-0.56146240234375,-1.784912109375,75.31718444824219,15,85,0.07879638671875,0.9891995191574097,Tue,21,Sep,2021,6
2021-09-21T06:56:40Z,-0.56146240234375,-1.784912109375,75.31718444824219,15,85,0.07879638671875,0.9891995191574097,Tue,21,Sep,2021,6
2021-09-21T06:56:42Z,-0.56146240234375,-1.81353759765625,75.31718444824219,15,85,0.07879638671875,0.9891995191574097,Tue,21,Sep,2021,6
2021-09-21T07:06:12Z,-0.56146240234375,-1.81353759765625,75.08929443359375,15,85,0.07879638671875,0.9891995191574097,Tue,21,Sep,2021,7
2021-09-21T07:08:43Z,-0.56146240234375,-1.81353759765625,75.08929443359375,15,85,0.07879638671875,0.9891995191574097,Tue,21,Sep,2021,7
2021-09-21T07:08:45Z,-0.56146240234375,-1.81353759765625,75.08929443359375,15,85,0.07879638671875,0.9891995191574097,Tue,21,Sep,2021,7
2021-09-21T07:20:36Z,-0.56146240234375,-1.81353759765625,75.08929443359375,15,85,0.07879638671875,0.9891995191574097,Tue,21,Sep,2021,7
2021-09-21T07:20:38Z,-0.56146240234375,-1.81353759765625,75.08929443359375,15,85,0.07879638671875,0.9891995191574097,Tue,21,Sep,2021,7
2021-09-21T07:32:17Z,-0.56146240234375,-1.81353759765625,75.08929443359375,15,85,0.07879638671875,0.9891995191574097,Tue,21,Sep,2021,7
2021-09-21T07:44:03Z,-0.56146240234375,-1.81353759765625,75.08929443359375,15,85,0.07879638671875,0.9891995191574097,Tue,21,Sep,2021,7
2021-09-21T07:44:04Z,-0.56146240234375,-1.81353759765625,75.08929443359375,15,85,0.07879638671875,0.9891995191574097,Tue,21,Sep,2021,7
2021-09-21T07:55:45Z,-0.56146240234375,-1.81353759765625,75.08929443359375,15,85,0.07879638671875,0.9891995191574097,Tue,21,Sep,2021,7
2021-09-21T07:55:47Z,-0.56146240234375,-1.84039306640625,75.08929443359375,15,85,0.07879638671875,0.9891995191574097,Tue,21,Sep,2021,7
2021-09-21T08:07:29Z,-0.56146240234375,-1.84039306640625,75.08929443359375,15,85,0.07879638671875,0.9891995191574097,Tue,21,Sep,2021,8
2021-09-21T08:07:30Z,-1.232666015625,-1.84039306640625,75.08929443359375,15,85,0.07879638671875,0.9891995191574097,Tue,21,Sep,2021,8
2021-09-21T08:07:31Z,-1.232666015625,-1.84039306640625,75.08929443359375,15,85,0.07879638671875,0.9891995191574097,Tue,21,Sep,2021,8
2021-09-21T08:19:02Z,-1.232666015625,-1.84039306640625,75.08929443359375,15,85,0.07879638671875,0.9891995191574097,Tue,21,Sep,2021,8
2021-09-21T08:30:32Z,-1.232666015625,-1.84039306640625,75.08929443359375,15,85,0.07879638671875,0.9891995191574097,Tue,21,Sep,2021,8
2021-09-21T08:42:26Z,-1.232666015625,-1.84039306640625,75.08929443359375,15,85,0.07879638671875,0.9891995191574097,Tue,21,Sep,2021,8
2021-09-21T08:42:27Z,-1.1448974609375,-1.84039306640625,75.08929443359375,15,85,0.07879638671875,0.9891995191574097,Tue,21,Sep,2021,8
2021-09-21T08:42:28Z,-1.1448974609375,-1.87957763671875,75.08929443359375,15,85,0.07879638671875,0.9891995191574097,Tue,21,Sep,2021,8
2021-09-21T08:54:04Z,-1.1448974609375,-1.87957763671875,75.08929443359375,15,85,0.07879638671875,0.9891995191574097,Tue,21,Sep,2021,8
2021-09-21T08:54:06Z,-1.1448974609375,-1.87957763671875,75.08929443359375,15,85,0.07879638671875,0.9891995191574097,Tue,21,Sep,2021,8
2021-09-21T09:29:09Z,-1.1448974609375,-1.87957763671875,75.08929443359375,15,85,0.07879638671875,0.9891995191574097,Tue,21,Sep,2021,9
2021-09-21T09:29:11Z,-1.1448974609375,-1.89605712890625,75.08929443359375,15,85,0.07879638671875,0.9891995191574097,Tue,21,Sep,2021,9
2021-09-21T09:40:55Z,-1.1448974609375,-1.89605712890625,75.08929443359375,15,85,0.07879638671875,0.9891995191574097,Tue,21,Sep,2021,9
2021-09-21T09:53:00Z,-1.1448974609375,-1.89605712890625,75.08929443359375,15,85,0.07879638671875,0.9891995191574097,Tue,21,Sep,2021,9
2021-09-21T10:16:13Z,-1.1448974609375,-1.89605712890625,75.08929443359375,15,85,0.07879638671875,0.9891995191574097,Tue,21,Sep,2021,10
2021-09-21T10:16:14Z,-1.1448974609375,-1.89605712890625,75.08929443359375,15,85,0.07879638671875,0.9891995191574097,Tue,21,Sep,2021,10
2021-09-21T10:27:59Z,-1.81353759765625,-1.89605712890625,75.08929443359375,15,85,0.07879638671875,0.9891995191574097,Tue,21,Sep,2021,10
2021-09-21T11:03:27Z,-1.81353759765625,-1.89605712890625,75.08929443359375,15,85,0.07879638671875,0.9891995191574097,Tue,21,Sep,2021,11
2021-09-21T11:03:28Z,-1.81353759765625,-1.89605712890625,75.08929443359375,15,85,0.07879638671875,0.9891995191574097,Tue,21,Sep,2021,11
2021-09-21T11:26:49Z,-1.81353759765625,-1.89605712890625,75.08929443359375,15,85,0.07879638671875,0.9891995191574097,Tue,21,Sep,2021,11
2021-09-21T11:26:51Z,-1.81353759765625,-1.89605712890625,75.08929443359375,15,85,0.07879638671875,0.9891995191574097,Tue,21,Sep,2021,11
2021-09-21T11:38:42Z,-2.314453125,-1.89605712890625,75.08929443359375,15,85,0.07879638671875,0.9891995191574097,Tue,21,Sep,2021,11
2021-09-21T12:02:05Z,-2.314453125,-1.89605712890625,75.08929443359375,15,85,0.07879638671875,0.9891995191574097,Tue,21,Sep,2021,12
2021-09-21T12:02:08Z,-2.314453125,-2.0106201171875,75.08929443359375,15,85,0.07879638671875,0.9891995191574097,Tue,21,Sep,2021,12
2021-09-21T12:13:49Z,-2.314453125,-2.0106201171875,75.08929443359375,15,85,0.07879638671875,0.9891995191574097,Tue,21,Sep,2021,12
2021-09-21T12:13:50Z,-2.314453125,-2.0106201171875,75.08929443359375,15,85,0.07879638671875,0.9891995191574097,Tue,21,Sep,2021,12
2021-09-21T12:25:33Z,-2.314453125,-2.0106201171875,75.08929443359375,15,85,0.07879638671875,0.9891995191574097,Tue,21,Sep,2021,12
2021-09-21T12:25:34Z,-2.314453125,-2.0106201171875,75.08929443359375,15,85,0.07879638671875,0.9891995191574097,Tue,21,Sep,2021,12
2021-09-21T12:37:08Z,-2.314453125,-2.0106201171875,75.08929443359375,15,85,0.07879638671875,0.9891995191574097,Tue,21,Sep,2021,12
2021-09-21T12:37:10Z,-2.314453125,-2.0106201171875,75.08929443359375,15,85,0.07879638671875,0.9891995191574097,Tue,21,Sep,2021,12
2021-09-21T12:48:53Z,-2.314453125,-2.0106201171875,75.08929443359375,15,85,0.07879638671875,0.9891995191574097,Tue,21,Sep,2021,12
2021-09-21T13:00:25Z,-2.314453125,-2.0106201171875,75.08929443359375,15,85,0.07879638671875,0.9891995191574097,Tue,21,Sep,2021,13
2021-09-21T13:12:04Z,-2.314453125,-2.0106201171875,75.08929443359375,15,85,0.07879638671875,0.9891995191574097,Tue,21,Sep,2021,13
2021-09-21T13:35:37Z,-3.02569580078125,-2.0133056640625,75.08929443359375,15,85,0.07879638671875,0.9891995191574097,Tue,21,Sep,2021,13
2021-09-21T13:35:38Z,-3.02569580078125,-2.0133056640625,75.08929443359375,15,85,0.07879638671875,0.9891995191574097,Tue,21,Sep,2021,13
2021-09-21T13:59:06Z,-3.02569580078125,-2.0133056640625,75.08929443359375,15,85,0.07879638671875,0.9891995191574097,Tue,21,Sep,2021,13
2021-09-21T14:10:46Z,-3.02569580078125,-2.0133056640625,75.08929443359375,15,85,0.07879638671875,0.9891995191574097,Tue,21,Sep,2021,14
2021-09-21T14:24:51Z,-3.02569580078125,-2.0133056640625,75.3722915649414,15,85,0.07879638671875,0.9891995191574097,Tue,21,Sep,2021,14
2021-09-21T14:46:06Z,-3.02569580078125,-2.0133056640625,75.3722915649414,15,85,0.07879638671875,0.9891995191574097,Tue,21,Sep,2021,14
2021-09-21T14:46:07Z,-3.02569580078125,-2.0133056640625,75.3722915649414,15,85,0.07879638671875,0.9891995191574097,Tue,21,Sep,2021,14
2021-09-21T15:09:54Z,-2.8162841796875,-2.0133056640625,75.3722915649414,15,85,0.07879638671875,0.9891995191574097,Tue,21,Sep,2021,15
2021-09-21T15:23:17Z,-2.8162841796875,-2.0133056640625,75.35697174072266,15,85,0.07879638671875,0.9891995191574097,Tue,21,Sep,2021,15
2021-09-21T16:09:30Z,-2.8162841796875,-2.0133056640625,75.35697174072266,15,85,0.07879638671875,0.9891995191574097,Tue,21,Sep,2021,16
2021-09-21T16:33:01Z,-2.8162841796875,-2.0133056640625,75.35697174072266,15,85,0.07879638671875,0.9891995191574097,Tue,21,Sep,2021,16
2021-09-21T16:33:02Z,-2.8162841796875,-2.0133056640625,75.35697174072266,15,85,0.07879638671875,0.9891995191574097,Tue,21,Sep,2021,16
2021-09-21T16:44:50Z,-2.82684326171875,-2.0133056640625,75.35697174072266,15,85,0.07879638671875,0.9891995191574097,Tue,21,Sep,2021,16
2021-09-21T16:56:48Z,-2.82684326171875,-2.0133056640625,75.35697174072266,15,85,0.07879638671875,0.9891995191574097,Tue,21,Sep,2021,16
2021-09-21T16:56:49Z,-2.82684326171875,-2.0133056640625,75.35697174072266,15,85,0.07879638671875,0.9891995191574097,Tue,21,Sep,2021,16
2021-09-21T17:08:36Z,-2.82684326171875,-2.0133056640625,75.35697174072266,15,85,0.07879638671875,0.9891995191574097,Tue,21,Sep,2021,17
2021-09-21T17:20:24Z,-2.82684326171875,-2.0133056640625,75.35697174072266,15,85,0.07879638671875,0.9891995191574097,Tue,21,Sep,2021,17
2021-09-21T17:20:26Z,-2.82684326171875,-2.0133056640625,75.35697174072266,15,85,0.07879638671875,0.9891995191574097,Tue,21,Sep,2021,17
2021-09-21T17:32:09Z,-2.82684326171875,-2.0133056640625,75.35697174072266,15,85,0.07879638671875,0.9891995191574097,Tue,21,Sep,2021,17
2021-09-21T17:43:49Z,-2.82684326171875,-2.0133056640625,75.35697174072266,15,85,0.07879638671875,0.9891995191574097,Tue,21,Sep,2021,17
2021-09-21T17:43:51Z,-2.82684326171875,-2.0133056640625,75.35697174072266,15,85,0.07879638671875,0.9891995191574097,Tue,21,Sep,2021,17
2021-09-21T17:55:23Z,-2.82684326171875,-2.0133056640625,75.35697174072266,15,85,0.07879638671875,0.9891995191574097,Tue,21,Sep,2021,17
2021-09-21T18:06:52Z,-2.82684326171875,-2.0133056640625,75.35697174072266,15,85,0.07879638671875,0.9891995191574097,Tue,21,Sep,2021,18
2021-09-21T18:06:53Z,-2.82684326171875,-2.0133056640625,75.35697174072266,15,85,0.07879638671875,0.9891995191574097,Tue,21,Sep,2021,18
2021-09-21T18:18:28Z,-2.82684326171875,-2.0133056640625,75.35697174072266,15,85,0.07879638671875,0.9891995191574097,Tue,21,Sep,2021,18
2021-09-21T18:18:30Z,-2.782958984375,-2.0133056640625,75.35697174072266,15,85,0.07879638671875,0.9891995191574097,Tue,21,Sep,2021,18
2021-09-21T18:18:30Z,-2.782958984375,-2.0133056640625,75.35697174072266,15,85,0.07879638671875,0.9891995191574097,Tue,21,Sep,2021,18
2021-09-21T18:30:09Z,-2.782958984375,-2.03900146484375,75.35697174072266,15,85,0.07879638671875,0.9891995191574097,Tue,21,Sep,2021,18
2021-09-21T18:41:53Z,-2.782958984375,-2.03900146484375,75.35697174072266,15,85,0.07879638671875,0.9891995191574097,Tue,21,Sep,2021,18
2021-09-21T18:53:39Z,-2.782958984375,-2.03900146484375,75.35697174072266,15,85,0.07879638671875,0.9891995191574097,Tue,21,Sep,2021,18
2021-09-21T19:16:53Z,-2.782958984375,-2.03900146484375,75.35697174072266,15,85,0.07879638671875,0.9891995191574097,Tue,21,Sep,2021,19
2021-09-21T19:16:54Z,-2.49298095703125,-2.03900146484375,75.35697174072266,15,85,0.07879638671875,0.9891995191574097,Tue,21,Sep,2021,19
2021-09-21T19:16:55Z,-2.49298095703125,-2.03900146484375,75.35697174072266,15,85,0.07879638671875,0.9891995191574097,Tue,21,Sep,2021,19
2021-09-21T19:40:01Z,-2.49298095703125,-2.03900146484375,75.35697174072266,15,85,0.07879638671875,0.9891995191574097,Tue,21,Sep,2021,19
2021-09-21T19:51:40Z,-2.49298095703125,-2.03900146484375,75.35697174072266,15,85,0.07879638671875,0.9891995191574097,Tue,21,Sep,2021,19
2021-09-21T19:51:41Z,-2.49298095703125,-2.03900146484375,75.35697174072266,15,85,0.07879638671875,0.9891995191574097,Tue,21,Sep,2021,19
2021-09-21T20:14:55Z,-2.0133056640625,-2.03900146484375,75.35697174072266,15,85,0.07879638671875,0.9891995191574097,Tue,21,Sep,2021,20
2021-09-21T20:14:56Z,-2.0133056640625,-2.03900146484375,75.35697174072266,15,85,0.07879638671875,0.9891995191574097,Tue,21,Sep,2021,20
2021-09-21T20:15:16Z,-2.0133056640625,-2.03900146484375,75.31458282470703,15,85,0.07879638671875,0.9891995191574097,Tue,21,Sep,2021,20
2021-09-21T20:26:34Z,-2.0133056640625,-2.03900146484375,75.31458282470703,15,85,0.07879638671875,0.9891995191574097,Tue,21,Sep,2021,20
2021-09-21T21:01:43Z,-2.0133056640625,-2.03900146484375,75.31458282470703,15,85,0.07879638671875,0.9891995191574097,Tue,21,Sep,2021,21
2021-09-21T21:13:45Z,-2.0133056640625,-2.03900146484375,75.31458282470703,15,85,0.07879638671875,0.9891995191574097,Tue,21,Sep,2021,21
2021-09-21T21:13:47Z,-2.0133056640625,-2.03900146484375,75.31458282470703,15,85,0.07879638671875,0.9891995191574097,Tue,21,Sep,2021,21
2021-09-21T21:25:34Z,-2.0133056640625,-2.03900146484375,75.31458282470703,15,85,0.07879638671875,0.9891995191574097,Tue,21,Sep,2021,21
2021-09-21T21:25:36Z,-2.0133056640625,-2.03900146484375,75.31458282470703,15,85,0.07879638671875,0.9891995191574097,Tue,21,Sep,2021,21
2021-09-21T21:37:11Z,-2.0133056640625,-2.03900146484375,75.31458282470703,15,85,0.07879638671875,0.9891995191574097,Tue,21,Sep,2021,21
2021-09-21T21:37:13Z,-2.0133056640625,-2.03900146484375,75.31458282470703,15,85,0.07879638671875,0.9891995191574097,Tue,21,Sep,2021,21
2021-09-21T21:49:07Z,-2.0133056640625,-2.03900146484375,75.31458282470703,15,85,0.07879638671875,0.9891995191574097,Tue,21,Sep,2021,21
2021-09-21T21:49:09Z,-2.0133056640625,-2.03900146484375,75.31458282470703,15,85,0.07879638671875,0.9891995191574097,Tue,21,Sep,2021,21
2021-09-21T21:56:50Z,-2.0133056640625,-2.03900146484375,75.4368896484375,15,85,0.07879638671875,0.9891995191574097,Tue,21,Sep,2021,21
2021-09-21T22:00:50Z,-1.72393798828125,-2.03900146484375,75.4368896484375,15,85,0.07879638671875,0.9891995191574097,Tue,21,Sep,2021,22
2021-09-21T22:00:51Z,-1.72393798828125,-2.03900146484375,75.4368896484375,15,85,0.07879638671875,0.9891995191574097,Tue,21,Sep,2021,22
2021-09-21T22:00:53Z,-1.72393798828125,-2.03900146484375,75.4368896484375,15,85,0.07879638671875,0.9891995191574097,Tue,21,Sep,2021,22
2021-09-21T22:12:23Z,-1.72393798828125,-2.03900146484375,75.4368896484375,15,85,0.07879638671875,0.9891995191574097,Tue,21,Sep,2021,22
2021-09-21T22:12:25Z,-1.72393798828125,-2.03900146484375,75.4368896484375,15,85,0.07879638671875,0.9891995191574097,Tue,21,Sep,2021,22
2021-09-21T22:24:15Z,-1.72393798828125,-2.03900146484375,75.4368896484375,15,85,0.07879638671875,0.9891995191574097,Tue,21,Sep,2021,22
2021-09-21T22:24:17Z,-1.72393798828125,-2.03900146484375,75.4368896484375,15,85,0.07879638671875,0.9891995191574097,Tue,21,Sep,2021,22
2021-09-21T22:59:28Z,-1.72393798828125,-2.03900146484375,75.4368896484375,15,85,0.07879638671875,0.9891995191574097,Tue,21,Sep,2021,22
2021-09-21T22:59:31Z,-1.72393798828125,-2.03900146484375,75.4368896484375,15,85,0.07879638671875,0.9891995191574097,Tue,21,Sep,2021,22
2021-09-21T23:11:08Z,-1.72393798828125,-2.03900146484375,75.4368896484375,15,85,0.07879638671875,0.9891995191574097,Tue,21,Sep,2021,23
2021-09-21T23:11:09Z,-2.0106201171875,-2.03900146484375,75.4368896484375,15,85,0.07879638671875,0.9891995191574097,Tue,21,Sep,2021,23
2021-09-21T23:11:10Z,-2.0106201171875,-2.03900146484375,75.4368896484375,15,85,0.07879638671875,0.9891995191574097,Tue,21,Sep,2021,23
2021-09-21T23:22:45Z,-2.0106201171875,-2.0133056640625,75.4368896484375,15,85,0.07879638671875,0.9891995191574097,Tue,21,Sep,2021,23
2021-09-21T23:22:48Z,-2.0106201171875,-2.0133056640625,75.4368896484375,15,85,0.07879638671875,0.9891995191574097,Tue,21,Sep,2021,23
2021-09-21T23:34:11Z,-2.0106201171875,-2.0133056640625,75.4368896484375,15,85,0.07879638671875,0.9891995191574097,Tue,21,Sep,2021,23
2021-09-21T23:34:13Z,-2.0106201171875,-2.0133056640625,75.4368896484375,15,85,0.07879638671875,0.9891995191574097,Tue,21,Sep,2021,23
2021-09-21T23:46:00Z,-2.0106201171875,-2.0133056640625,75.4368896484375,15,85,0.07879638671875,0.9891995191574097,Tue,21,Sep,2021,23
2021-09-21T23:46:01Z,-2.0106201171875,-2.0133056640625,75.4368896484375,15,85,0.07879638671875,0.9891995191574097,Tue,21,Sep,2021,23
2021-09-21T23:57:39Z,-2.0106201171875,-2.0133056640625,75.4368896484375,15,85,0.07879638671875,0.9891995191574097,Tue,21,Sep,2021,23
2021-09-21T23:57:41Z,-2.0106201171875,-2.0133056640625,75.4368896484375,15,85,0.07879638671875,0.9891995191574097,Tue,21,Sep,2021,23
2021-09-22T00:09:45Z,-1.89605712890625,-2.0133056640625,75.4368896484375,15,85,0.07879638671875,0.9891995191574097,Wed,22,Sep,2021,0
2021-09-22T00:21:01Z,-1.89605712890625,-2.0133056640625,75.4368896484375,15,85,0.07879638671875,0.9891995191574097,Wed,22,Sep,2021,0
2021-09-22T00:21:03Z,-1.89605712890625,-2.0133056640625,75.4368896484375,15,85,0.07879638671875,0.9891995191574097,Wed,22,Sep,2021,0
2021-09-22T00:32:04Z,-1.89605712890625,-2.0133056640625,75.30400085449219,15,85,0.07879638671875,0.9891995191574097,Wed,22,Sep,2021,0
2021-09-22T00:32:33Z,-1.89605712890625,-2.0133056640625,75.30400085449219,15,85,0.07879638671875,0.9891995191574097,Wed,22,Sep,2021,0
2021-09-22T00:32:36Z,-1.89605712890625,-2.0133056640625,75.30400085449219,15,85,0.07879638671875,0.9891995191574097,Wed,22,Sep,2021,0
2021-09-22T00:44:07Z,-1.89605712890625,-2.0106201171875,75.30400085449219,15,85,0.07879638671875,0.9891995191574097,Wed,22,Sep,2021,0
2021-09-22T00:56:09Z,-1.89605712890625,-2.0106201171875,75.30400085449219,15,85,0.07879638671875,0.9891995191574097,Wed,22,Sep,2021,0
2021-09-22T00:56:11Z,-1.89605712890625,-2.0106201171875,75.30400085449219,15,85,0.07879638671875,0.9891995191574097,Wed,22,Sep,2021,0
2021-09-22T01:19:29Z,-1.89605712890625,-2.0106201171875,75.30400085449219,15,85,0.07879638671875,0.9891995191574097,Wed,22,Sep,2021,1
2021-09-22T01:19:32Z,-1.89605712890625,-2.0106201171875,75.30400085449219,15,85,0.07879638671875,0.9891995191574097,Wed,22,Sep,2021,1
2021-09-22T01:54:25Z,-1.89605712890625,-2.0106201171875,75.30400085449219,15,85,0.07879638671875,0.9891995191574097,Wed,22,Sep,2021,1
2021-09-22T02:29:12Z,-2.05523681640625,-2.0106201171875,75.30400085449219,15,85,0.07879638671875,0.9891995191574097,Wed,22,Sep,2021,2
2021-09-22T02:29:15Z,-2.05523681640625,-2.0106201171875,75.30400085449219,15,85,0.07879638671875,0.9891995191574097,Wed,22,Sep,2021,2
2021-09-22T02:40:51Z,-2.05523681640625,-2.0106201171875,75.30400085449219,15,85,0.07879638671875,0.9891995191574097,Wed,22,Sep,2021,2
2021-09-22T03:04:17Z,-2.05523681640625,-2.0106201171875,75.30400085449219,15,85,0.07879638671875,0.9891995191574097,Wed,22,Sep,2021,3
2021-09-22T03:04:19Z,-2.05523681640625,-1.89605712890625,75.30400085449219,15,85,0.07879638671875,0.9891995191574097,Wed,22,Sep,2021,3
2021-09-22T03:28:01Z,-2.05523681640625,-1.89605712890625,75.30400085449219,15,85,0.07879638671875,0.9891995191574097,Wed,22,Sep,2021,3
2021-09-22T03:28:03Z,-2.05523681640625,-1.89605712890625,75.30400085449219,15,85,0.07879638671875,0.9891995191574097,Wed,22,Sep,2021,3
2021-09-22T03:39:37Z,-2.05523681640625,-1.89605712890625,75.30400085449219,15,85,0.07879638671875,0.9891995191574097,Wed,22,Sep,2021,3
2021-09-22T03:39:39Z,-2.05523681640625,-1.89605712890625,75.30400085449219,15,85,0.07879638671875,0.9891995191574097,Wed,22,Sep,2021,3
2021-09-22T03:51:25Z,-1.5960693359375,-1.89605712890625,75.30400085449219,15,85,0.07879638671875,0.9891995191574097,Wed,22,Sep,2021,3
2021-09-22T03:51:26Z,-1.5960693359375,-1.89605712890625,75.30400085449219,15,85,0.07879638671875,0.9891995191574097,Wed,22,Sep,2021,3
2021-09-22T03:51:28Z,-1.5960693359375,-1.89605712890625,75.30400085449219,15,85,0.07879638671875,0.9891995191574097,Wed,22,Sep,2021,3
2021-09-22T04:03:16Z,-1.5960693359375,-1.89605712890625,75.30400085449219,15,85,0.07879638671875,0.9891995191574097,Wed,22,Sep,2021,4
2021-09-22T04:14:53Z,-1.5960693359375,-1.89605712890625,75.30400085449219,15,85,0.07879638671875,0.9891995191574097,Wed,22,Sep,2021,4
2021-09-22T04:14:55Z,-1.5960693359375,-1.89605712890625,75.30400085449219,15,85,0.07879638671875,0.9891995191574097,Wed,22,Sep,2021,4
2021-09-22T04:19:14Z,-1.5960693359375,-1.89605712890625,75.107147216796875,15,85,0.07879638671875,0.9891995191574097,Wed,22,Sep,2021,4
2021-09-22T04:26:56Z,-1.5960693359375,-1.87957763671875,75.107147216796875,15,85,0.07879638671875,0.9891995191574097,Wed,22,Sep,2021,4
2021-09-22T04:26:58Z,-1.5960693359375,-1.87957763671875,75.107147216796875,15,85,0.07879638671875,0.9891995191574097,Wed,22,Sep,2021,4
2021-09-22T04:38:51Z,-1.5960693359375,-1.87957763671875,75.107147216796875,15,85,0.07879638671875,0.9891995191574097,Wed,22,Sep,2021,4
2021-09-22T04:38:52Z,-1.32958984375,-1.87957763671875,75.107147216796875,15,85,0.07879638671875,0.9891995191574097,Wed,22,Sep,2021,4
2021-09-22T04:51:16Z,-1.32958984375,-1.84039306640625,75.107147216796875,15,85,0.07879638671875,0.9891995191574097,Wed,22,Sep,2021,4
2021-09-22T04:51:17Z,-1.32958984375,-1.84039306640625,75.107147216796875,15,85,0.07879638671875,0.9891995191574097,Wed,22,Sep,2021,4
2021-09-22T05:02:58Z,-1.32958984375,-1.84039306640625,75.107147216796875,15,85,0.07879638671875,0.9891995191574097,Wed,22,Sep,2021,5
2021-09-22T05:14:48Z,-1.32958984375,-1.84039306640625,75.107147216796875,15,85,0.07879638671875,0.9891995191574097,Wed,22,Sep,2021,5
2021-09-22T05:21:01Z,-1.32958984375,-1.84039306640625,75.19267272949219,15,85,0.07879638671875,0.9891995191574097,Wed,22,Sep,2021,5
2021-09-22T05:49:44Z,-1.32958984375,-1.84039306640625,75.19267272949219,15,85,0.07879638671875,0.9891995191574097,Wed,22,Sep,2021,5
2021-09-22T05:49:46Z,-1.32958984375,-1.84039306640625,75.19267272949219,15,85,0.07879638671875,0.9891995191574097,Wed,22,Sep,2021,5
2021-09-22T06:12:45Z,-1.32958984375,-1.84039306640625,75.19267272949219,15,85,0.07879638671875,0.9891995191574097,Wed,22,Sep,2021,6
2021-09-22T06:36:02Z,-1.32958984375,-1.81353759765625,75.19267272949219,15,85,0.07879638671875,0.9891995191574097,Wed,22,Sep,2021,6
2021-09-22T06:36:03Z,-1.6064453125,-1.81353759765625,75.19267272949219,15,85,0.07879638671875,0.9891995191574097,Wed,22,Sep,2021,6
2021-09-22T06:36:04Z,-1.6064453125,-1.81353759765625,75.19267272949219,15,85,0.07879638671875,0.9891995191574097,Wed,22,Sep,2021,6
2021-09-22T06:47:31Z,-1.6064453125,-1.81353759765625,75.19267272949219,15,85,0.07879638671875,0.9891995191574097,Wed,22,Sep,2021,6
2021-09-22T06:47:34Z,-1.6064453125,-1.81353759765625,75.19267272949219,15,85,0.07879638671875,0.9891995191574097,Wed,22,Sep,2021,6
2021-09-22T06:59:15Z,-1.6064453125,-1.784912109375,75.19267272949219,15,85,0.07879638671875,0.9891995191574097,Wed,22,Sep,2021,6
2021-09-22T06:59:16Z,-1.6064453125,-1.784912109375,75.19267272949219,15,85,0.07879638671875,0.9891995191574097,Wed,22,Sep,2021,6
2021-09-22T07:10:51Z,-1.5966796875,-1.784912109375,75.19267272949219,15,85,0.07879638671875,0.9891995191574097,Wed,22,Sep,2021,7
2021-09-22T07:10:52Z,-1.5966796875,-1.784912109375,75.19267272949219,15,85,0.07879638671875,0.9891995191574097,Wed,22,Sep,2021,7
2021-09-22T07:10:53Z,-1.5966796875,-1.784912109375,75.19267272949219,15,85,0.07879638671875,0.9891995191574097,Wed,22,Sep,2021,7
2021-09-22T07:12:29Z,-1.5966796875,-1.784912109375,75.25519561767578,15,85,0.07879638671875,0.9891995191574097,Wed,22,Sep,2021,7
2021-09-22T07:22:22Z,-1.5966796875,-1.784912109375,75.25519561767578,15,85,0.07879638671875,0.9891995191574097,Wed,22,Sep,2021,7
2021-09-22T07:22:24Z,-1.5966796875,-1.784912109375,75.25519561767578,15,85,0.07879638671875,0.9891995191574097,Wed,22,Sep,2021,7
2021-09-22T07:34:11Z,-1.5966796875,-1.784912109375,75.25519561767578,15,85,0.07879638671875,0.9891995191574097,Wed,22,Sep,2021,7
2021-09-22T07:34:12Z,-1.5966796875,-1.784912109375,75.25519561767578,15,85,0.07879638671875,0.9891995191574097,Wed,22,Sep,2021,7
2021-09-22T07:45:56Z,-1.5966796875,-1.784912109375,75.25519561767578,15,85,0.07879638671875,0.9891995191574097,Wed,22,Sep,2021,7
2021-09-22T07:45:59Z,-1.5966796875,-1.784912109375,75.25519561767578,15,85,0.07879638671875,0.9891995191574097,Wed,22,Sep,2021,7
2021-09-22T08:09:29Z,-1.5966796875,-1.784912109375,75.25519561767578,15,85,0.07879638671875,0.9891995191574097,Wed,22,Sep,2021,8
2021-09-22T08:09:32Z,-1.5966796875,-1.784912109375,75.25519561767578,15,85,0.07879638671875,0.9891995191574097,Wed,22,Sep,2021,8
2021-09-22T08:32:41Z,-2.07940673828125,-1.784912109375,75.25519561767578,15,85,0.07879638671875,0.9891995191574097,Wed,22,Sep,2021,8
2021-09-22T09:07:37Z,-2.07940673828125,-1.72393798828125,75.25519561767578,15,85,0.07879638671875,0.9891995191574097,Wed,22,Sep,2021,9
2021-09-22T09:31:17Z,-2.07940673828125,-1.72393798828125,75.25519561767578,15,85,0.07879638671875,0.9891995191574097,Wed,22,Sep,2021,9
2021-09-22T09:54:45Z,-2.07940673828125,-1.72393798828125,75.25519561767578,15,85,0.07879638671875,0.9891995191574097,Wed,22,Sep,2021,9
2021-09-22T09:54:46Z,-2.07940673828125,-1.72393798828125,75.25519561767578,15,85,0.07879638671875,0.9891995191574097,Wed,22,Sep,2021,9
2021-09-22T10:06:30Z,-2.07940673828125,-1.72393798828125,75.25519561767578,15,85,0.07879638671875,0.9891995191574097,Wed,22,Sep,2021,10
2021-09-22T10:06:31Z,-2.07940673828125,-1.72393798828125,75.25519561767578,15,85,0.07879638671875,0.9891995191574097,Wed,22,Sep,2021,10
2021-09-22T10:18:14Z,-2.07940673828125,-1.72393798828125,75.25519561767578,15,85,0.07879638671875,0.9891995191574097,Wed,22,Sep,2021,10
2021-09-22T10:18:14Z,-2.07940673828125,-1.72393798828125,75.25519561767578,15,85,0.07879638671875,0.9891995191574097,Wed,22,Sep,2021,10
2021-09-22T10:41:22Z,-2.07940673828125,-1.72393798828125,75.25519561767578,15,85,0.07879638671875,0.9891995191574097,Wed,22,Sep,2021,10
2021-09-22T10:41:23Z,-2.07940673828125,-1.72393798828125,75.25519561767578,15,85,0.07879638671875,0.9891995191574097,Wed,22,Sep,2021,10
2021-09-22T11:04:38Z,-2.07940673828125,-1.72393798828125,75.25519561767578,15,85,0.07879638671875,0.9891995191574097,Wed,22,Sep,2021,11
2021-09-22T11:04:39Z,-1.784912109375,-1.72393798828125,75.25519561767578,15,85,0.07879638671875,0.9891995191574097,Wed,22,Sep,2021,11
2021-09-22T11:16:33Z,-1.784912109375,-1.72393798828125,75.25519561767578,15,85,0.07879638671875,0.9891995191574097,Wed,22,Sep,2021,11
2021-09-22T11:16:34Z,-1.784912109375,-1.72393798828125,75.25519561767578,15,85,0.07879638671875,0.9891995191574097,Wed,22,Sep,2021,11
2021-09-22T11:39:59Z,-1.784912109375,-1.72393798828125,75.25519561767578,15,85,0.07879638671875,0.9891995191574097,Wed,22,Sep,2021,11
2021-09-22T11:40:00Z,-1.784912109375,-1.72393798828125,75.25519561767578,15,85,0.07879638671875,0.9891995191574097,Wed,22,Sep,2021,11
2021-09-22T11:51:40Z,-1.784912109375,-1.72393798828125,75.25519561767578,15,85,0.07879638671875,0.9891995191574097,Wed,22,Sep,2021,11
2021-09-22T11:51:40Z,-1.784912109375,-1.72393798828125,75.25519561767578,15,85,0.07879638671875,0.9891995191574097,Wed,22,Sep,2021,11
2021-09-22T12:03:16Z,-1.784912109375,-1.72393798828125,75.25519561767578,15,85,0.07879638671875,0.9891995191574097,Wed,22,Sep,2021,12
2021-09-22T12:03:16Z,-1.784912109375,-1.6998291015625,75.25519561767578,15,85,0.07879638671875,0.9891995191574097,Wed,22,Sep,2021,12
2021-09-22T12:15:06Z,-1.784912109375,-1.6998291015625,75.25519561767578,15,85,0.07879638671875,0.9891995191574097,Wed,22,Sep,2021,12
2021-09-22T12:15:07Z,-1.784912109375,-1.6998291015625,75.25519561767578,15,85,0.07879638671875,0.9891995191574097,Wed,22,Sep,2021,12
2021-09-22T12:27:04Z,-1.784912109375,-1.6998291015625,75.25519561767578,15,85,0.07879638671875,0.9891995191574097,Wed,22,Sep,2021,12
2021-09-22T12:27:05Z,-1.784912109375,-1.6998291015625,75.25519561767578,15,85,0.07879638671875,0.9891995191574097,Wed,22,Sep,2021,12
2021-09-22T13:02:34Z,-1.784912109375,-1.6998291015625,75.25519561767578,15,85,0.07879638671875,0.9891995191574097,Wed,22,Sep,2021,13
2021-09-22T13:02:34Z,-1.784912109375,-1.6998291015625,75.25519561767578,15,85,0.07879638671875,0.9891995191574097,Wed,22,Sep,2021,13
2021-09-22T13:25:56Z,-2.35919189453125,-1.6998291015625,75.25519561767578,15,85,0.07879638671875,0.9891995191574097,Wed,22,Sep,2021,13
2021-09-22T13:25:58Z,-2.35919189453125,-1.6998291015625,75.25519561767578,15,85,0.07879638671875,0.9891995191574097,Wed,22,Sep,2021,13
2021-09-22T13:25:59Z,-2.35919189453125,-1.6998291015625,75.25519561767578,15,85,0.07879638671875,0.9891995191574097,Wed,22,Sep,2021,13
2021-09-22T13:37:53Z,-2.35919189453125,-1.6998291015625,75.25519561767578,15,85,0.07879638671875,0.9891995191574097,Wed,22,Sep,2021,13
2021-09-22T13:37:53Z,-2.35919189453125,-1.6998291015625,75.25519561767578,15,85,0.07879638671875,0.9891995191574097,Wed,22,Sep,2021,13
2021-09-22T13:49:40Z,-2.35919189453125,-1.6998291015625,75.25519561767578,15,85,0.07879638671875,0.9891995191574097,Wed,22,Sep,2021,13
2021-09-22T13:49:43Z,-2.35919189453125,-1.6998291015625,75.25519561767578,15,85,0.07879638671875,0.9891995191574097,Wed,22,Sep,2021,13
2021-09-22T14:01:38Z,-2.35919189453125,-1.6998291015625,75.25519561767578,15,85,0.07879638671875,0.9891995191574097,Wed,22,Sep,2021,14
2021-09-22T14:01:42Z,-2.35919189453125,-1.6998291015625,75.25519561767578,15,85,0.07879638671875,0.9891995191574097,Wed,22,Sep,2021,14
2021-09-22T14:24:53Z,-2.35919189453125,-1.6998291015625,75.25519561767578,15,85,0.07879638671875,0.9891995191574097,Wed,22,Sep,2021,14
2021-09-22T14:24:54Z,-2.35919189453125,-1.6998291015625,75.25519561767578,15,85,0.07879638671875,0.9891995191574097,Wed,22,Sep,2021,14
2021-09-22T14:36:25Z,-2.35919189453125,-1.6998291015625,75.25519561767578,15,85,0.07879638671875,0.9891995191574097,Wed,22,Sep,2021,14
2021-09-22T14:48:01Z,-2.35919189453125,-1.6998291015625,75.25519561767578,15,85,0.07879638671875,0.9891995191574097,Wed,22,Sep,2021,14
2021-09-22T14:59:39Z,-2.35919189453125,-1.6998291015625,75.25519561767578,15,85,0.07879638671875,0.9891995191574097,Wed,22,Sep,2021,14
2021-09-22T15:11:13Z,-2.35919189453125,-1.6998291015625,75.25519561767578,15,85,0.07879638671875,0.9891995191574097,Wed,22,Sep,2021,15
2021-09-22T15:22:30Z,-2.71905517578125,-1.6998291015625,75.25519561767578,15,85,0.07879638671875,0.9891995191574097,Wed,22,Sep,2021,15
2021-09-22T15:22:33Z,-2.71905517578125,-1.6998291015625,75.25519561767578,15,85,0.07879638671875,0.9891995191574097,Wed,22,Sep,2021,15
2021-09-22T15:34:21Z,-2.71905517578125,-1.6998291015625,75.25519561767578,15,85,0.07879638671875,0.9891995191574097,Wed,22,Sep,2021,15
2021-09-22T15:57:33Z,-2.71905517578125,-1.6998291015625,75.25519561767578,15,85,0.07879638671875,0.9891995191574097,Wed,22,Sep,2021,15
2021-09-22T16:09:29Z,-2.71905517578125,-1.6998291015625,75.25519561767578,15,85,0.07879638671875,0.9891995191574097,Wed,22,Sep,2021,16
2021-09-22T16:09:29Z,-2.71905517578125,-1.6998291015625,75.25519561767578,15,85,0.07879638671875,0.9891995191574097,Wed,22,Sep,2021,16
2021-09-22T16:44:23Z,-2.71905517578125,-1.6998291015625,75.46172332763672,15,85,0.07879638671875,0.9891995191574097,Wed,22,Sep,2021,16
2021-09-22T16:44:41Z,-2.71905517578125,-1.6669921875,75.46172332763672,15,85,0.07879638671875,0.9891995191574097,Wed,22,Sep,2021,16
2021-09-22T16:44:44Z,-2.71905517578125,-1.6669921875,75.46172332763672,15,85,0.07879638671875,0.9891995191574097,Wed,22,Sep,2021,16
2021-09-22T16:56:30Z,-2.71905517578125,-1.6669921875,75.46172332763672,15,85,0.07879638671875,0.9891995191574097,Wed,22,Sep,2021,16
2021-09-22T16:56:31Z,-2.71905517578125,-1.6669921875,75.46172332763672,15,85,0.07879638671875,0.9891995191574097,Wed,22,Sep,2021,16
2021-09-22T17:08:10Z,-2.71905517578125,-1.6669921875,75.46172332763672,15,85,0.07879638671875,0.9891995191574097,Wed,22,Sep,2021,17
2021-09-22T17:08:13Z,-2.71905517578125,-1.6669921875,75.46172332763672,15,85,0.07879638671875,0.9891995191574097,Wed,22,Sep,2021,17
2021-09-22T17:19:48Z,-2.71905517578125,-1.6669921875,75.46172332763672,15,85,0.07879638671875,0.9891995191574097,Wed,22,Sep,2021,17
2021-09-22T17:19:49Z,-2.71905517578125,-1.6669921875,75.46172332763672,15,85,0.07879638671875,0.9891995191574097,Wed,22,Sep,2021,17
2021-09-22T17:19:50Z,-2.0523681640625,-1.6669921875,75.46172332763672,15,85,0.07879638671875,0.9891995191574097,Wed,22,Sep,2021,17
2021-09-22T17:31:35Z,-2.0523681640625,-1.6669921875,75.46172332763672,15,85,0.07879638671875,0.9891995191574097,Wed,22,Sep,2021,17
2021-09-22T17:31:37Z,-2.0523681640625,-1.6669921875,75.46172332763672,15,85,0.07879638671875,0.9891995191574097,Wed,22,Sep,2021,17
2021-09-22T17:43:28Z,-2.0523681640625,-1.6669921875,75.46172332763672,15,85,0.07879638671875,0.9891995191574097,Wed,22,Sep,2021,17
2021-09-22T17:43:30Z,-2.0523681640625,-1.6669921875,75.46172332763672,15,85,0.07879638671875,0.9891995191574097,Wed,22,Sep,2021,17
2021-09-22T17:55:03Z,-2.0523681640625,-1.6669921875,75.46172332763672,15,85,0.07879638671875,0.9891995191574097,Wed,22,Sep,2021,17
2021-09-22T17:55:05Z,-2.0523681640625,-1.6669921875,75.46172332763672,15,85,0.07879638671875,0.9891995191574097,Wed,22,Sep,2021,17
2021-09-22T18:06:51Z,-2.0523681640625,-1.6669921875,75.46172332763672,15,85,0.07879638671875,0.9891995191574097,Wed,22,Sep,2021,18
2021-09-22T18:06:52Z,-2.45904541015625,-1.6669921875,75.46172332763672,15,85,0.07879638671875,0.9891995191574097,Wed,22,Sep,2021,18
2021-09-22T18:06:53Z,-2.45904541015625,-1.6669921875,75.46172332763672,15,85,0.07879638671875,0.9891995191574097,Wed,22,Sep,2021,18
2021-09-22T18:18:51Z,-2.45904541015625,-1.6669921875,75.46172332763672,15,85,0.07879638671875,0.9891995191574097,Wed,22,Sep,2021,18
2021-09-22T18:18:52Z,-2.45904541015625,-1.6669921875,75.46172332763672,15,85,0.07879638671875,0.9891995191574097,Wed,22,Sep,2021,18
2021-09-22T18:42:02Z,-2.45904541015625,-1.6669921875,75.46172332763672,15,85,0.07879638671875,0.9891995191574097,Wed,22,Sep,2021,18
2021-09-22T18:42:04Z,-2.45904541015625,-1.6669921875,75.46172332763672,15,85,0.07879638671875,0.9891995191574097,Wed,22,Sep,2021,18
2021-09-22T18:53:30Z,-2.45904541015625,-1.6669921875,75.46172332763672,15,85,0.07879638671875,0.9891995191574097,Wed,22,Sep,2021,18
2021-09-22T18:53:32Z,-2.45904541015625,-1.6669921875,75.46172332763672,15,85,0.07879638671875,0.9891995191574097,Wed,22,Sep,2021,18
2021-09-22T18:53:33Z,-3.2581787109375,-1.6669921875,75.46172332763672,15,85,0.07879638671875,0.9891995191574097,Wed,22,Sep,2021,18
2021-09-22T19:04:52Z,-3.2581787109375,-1.6669921875,75.46172332763672,15,85,0.07879638671875,0.9891995191574097,Wed,22,Sep,2021,19
2021-09-22T19:04:53Z,-2.722412109375,-1.6669921875,75.46172332763672,15,85,0.07879638671875,0.9891995191574097,Wed,22,Sep,2021,19
2021-09-22T19:04:54Z,-2.722412109375,-1.6669921875,75.46172332763672,15,85,0.07879638671875,0.9891995191574097,Wed,22,Sep,2021,19
2021-09-22T19:11:11Z,-2.722412109375,-1.6669921875,75.493255615234375,15,85,0.07879638671875,0.9891995191574097,Wed,22,Sep,2021,19
2021-09-22T19:16:34Z,-2.722412109375,-1.6669921875,75.493255615234375,15,85,0.07879638671875,0.9891995191574097,Wed,22,Sep,2021,19
2021-09-22T19:16:36Z,-2.722412109375,-1.6669921875,75.493255615234375,15,85,0.07879638671875,0.9891995191574097,Wed,22,Sep,2021,19
2021-09-22T19:16:36Z,-1.5125732421875,-1.6669921875,75.493255615234375,15,85,0.07879638671875,0.9891995191574097,Wed,22,Sep,2021,19
2021-09-22T19:28:11Z,-1.5125732421875,-1.6669921875,75.493255615234375,15,85,0.07879638671875,0.9891995191574097,Wed,22,Sep,2021,19
2021-09-22T19:28:13Z,-1.5125732421875,-1.6669921875,75.493255615234375,15,85,0.07879638671875,0.9891995191574097,Wed,22,Sep,2021,19
2021-09-22T19:28:13Z,-1.6998291015625,-1.6669921875,75.493255615234375,15,85,0.07879638671875,0.9891995191574097,Wed,22,Sep,2021,19
2021-09-22T19:39:43Z,-1.6998291015625,-1.6669921875,75.493255615234375,15,85,0.07879638671875,0.9891995191574097,Wed,22,Sep,2021,19
2021-09-22T19:39:43Z,-4.71942138671875,-1.6669921875,75.493255615234375,15,85,0.07879638671875,0.9891995191574097,Wed,22,Sep,2021,19
2021-09-22T19:39:45Z,-4.71942138671875,-1.6669921875,75.493255615234375,15,85,0.07879638671875,0.9891995191574097,Wed,22,Sep,2021,19
2021-09-22T19:43:26Z,-4.71942138671875,-1.6669921875,75.47594451904297,15,85,0.07879638671875,0.9891995191574097,Wed,22,Sep,2021,19
2021-09-22T19:51:24Z,-4.71942138671875,-1.6669921875,75.47594451904297,15,85,0.07879638671875,0.9891995191574097,Wed,22,Sep,2021,19
2021-09-22T19:51:25Z,-19.667236328125,-1.6669921875,75.47594451904297,15,85,0.07879638671875,0.9891995191574097,Wed,22,Sep,2021,19
2021-09-22T19:51:27Z,-19.667236328125,-1.6669921875,75.47594451904297,15,85,0.07879638671875,0.9891995191574097,Wed,22,Sep,2021,19
2021-09-22T19:52:19Z,-19.667236328125,-1.6669921875,75.72893524169922,15,85,0.07879638671875,0.9891995191574097,Wed,22,Sep,2021,19
2021-09-22T20:03:14Z,-19.667236328125,-1.6669921875,75.72893524169922,15,85,0.07879638671875,0.9891995191574097,Wed,22,Sep,2021,20
2021-09-22T20:03:14Z,-17.4949951171875,-1.6669921875,75.72893524169922,15,85,0.07879638671875,0.9891995191574097,Wed,22,Sep,2021,20
2021-09-22T20:03:16Z,-17.4949951171875,-1.6669921875,75.72893524169922,15,85,0.07879638671875,0.9891995191574097,Wed,22,Sep,2021,20
2021-09-22T20:06:12Z,-17.4949951171875,-1.6669921875,75.89021301269531,15,85,0.07879638671875,0.9891995191574097,Wed,22,Sep,2021,20
2021-09-22T20:14:55Z,-17.4949951171875,-1.6669921875,75.89021301269531,15,85,0.07879638671875,0.9891995191574097,Wed,22,Sep,2021,20
2021-09-22T20:14:55Z,-34.285400390625,-1.6669921875,75.89021301269531,15,85,0.07879638671875,0.9891995191574097,Wed,22,Sep,2021,20
2021-09-22T20:14:57Z,-34.285400390625,-1.6669921875,75.89021301269531,15,85,0.07879638671875,0.8811761736869812,Wed,22,Sep,2021,20
2021-09-22T20:14:57Z,-34.285400390625,-1.6669921875,75.89021301269531,15,85,0.07879638671875,0.8811761736869812,Wed,22,Sep,2021,20
2021-09-22T20:25:53Z,-34.285400390625,-1.6669921875,75.7889175415039,15,85,0.07879638671875,0.8811761736869812,Wed,22,Sep,2021,20
2021-09-22T20:26:32Z,-34.285400390625,-1.6669921875,75.7889175415039,15,85,0.07879638671875,0.8811761736869812,Wed,22,Sep,2021,20
2021-09-22T20:26:32Z,-87.59295654296875,-1.6669921875,75.7889175415039,15,85,0.07879638671875,0.8811761736869812,Wed,22,Sep,2021,20
2021-09-22T20:26:34Z,-87.59295654296875,-1.6669921875,75.7889175415039,15,85,0.07879638671875,0.8811761736869812,Wed,22,Sep,2021,20
2021-09-22T20:38:22Z,-87.59295654296875,-1.6669921875,75.7889175415039,15,85,0.07879638671875,0.8811761736869812,Wed,22,Sep,2021,20
2021-09-22T20:38:22Z,-87.59295654296875,-1.6669921875,75.7889175415039,15,85,0.07879638671875,0.881401538848877,Wed,22,Sep,2021,20
2021-09-22T20:38:25Z,-87.59295654296875,-1.6669921875,75.7889175415039,15,85,0.07879638671875,0.881401538848877,Wed,22,Sep,2021,20
2021-09-22T20:38:25Z,-34.213134765625,-1.6669921875,75.7889175415039,15,85,0.07879638671875,0.881401538848877,Wed,22,Sep,2021,20
2021-09-22T20:50:03Z,-34.213134765625,-1.6669921875,75.7889175415039,15,85,0.07879638671875,0.881401538848877,Wed,22,Sep,2021,20
2021-09-22T20:50:06Z,-34.213134765625,-1.6669921875,75.7889175415039,15,85,0.07879638671875,0.881401538848877,Wed,22,Sep,2021,20
2021-09-22T20:50:06Z,-21.63372802734375,-1.6102294921875,75.7889175415039,15,85,0.07879638671875,0.881401538848877,Wed,22,Sep,2021,20
2021-09-22T21:01:43Z,-21.63372802734375,-1.6102294921875,75.7889175415039,15,85,0.07879638671875,0.881401538848877,Wed,22,Sep,2021,21
2021-09-22T21:01:45Z,-21.63372802734375,-1.6102294921875,75.7889175415039,15,85,0.07879638671875,0.881401538848877,Wed,22,Sep,2021,21
2021-09-22T21:01:46Z,-50.89495849609375,-1.6064453125,75.7889175415039,15,85,0.07879638671875,0.881401538848877,Wed,22,Sep,2021,21
2021-09-22T21:05:52Z,-50.89495849609375,-1.6064453125,75.927886962890625,15,85,0.07879638671875,0.881401538848877,Wed,22,Sep,2021,21
2021-09-22T21:13:25Z,-50.89495849609375,-1.6064453125,75.927886962890625,15,85,0.07879638671875,0.881401538848877,Wed,22,Sep,2021,21
2021-09-22T21:13:26Z,-120.19329833984375,-1.6064453125,75.927886962890625,15,85,0.07879638671875,0.881401538848877,Wed,22,Sep,2021,21
2021-09-22T21:23:53Z,-120.19329833984375,-1.6064453125,76.35472869873047,15,85,0.07879638671875,0.881401538848877,Wed,22,Sep,2021,21
2021-09-22T21:25:29Z,-120.19329833984375,-1.6064453125,76.35472869873047,15,85,0.07879638671875,0.881401538848877,Wed,22,Sep,2021,21
2021-09-22T21:25:29Z,-153.072265625,-1.5966796875,76.35472869873047,15,85,0.07879638671875,0.881401538848877,Wed,22,Sep,2021,21
2021-09-22T21:37:13Z,-162.4359130859375,-1.5966796875,76.35472869873047,15,85,0.07879638671875,0.881401538848877,Wed,22,Sep,2021,21
2021-09-22T21:37:14Z,-162.4359130859375,-1.5966796875,76.35472869873047,15,85,0.07879638671875,0.5800977945327759,Wed,22,Sep,2021,21
2021-09-22T21:37:14Z,-162.4359130859375,-1.5966796875,76.35472869873047,15,85,0.07879638671875,0.5800977945327759,Wed,22,Sep,2021,21
2021-09-22T21:37:16Z,-162.4359130859375,-1.5966796875,76.35472869873047,15,85,0.07879638671875,0.5800977945327759,Wed,22,Sep,2021,21
2021-09-22T21:48:01Z,-162.4359130859375,-1.5966796875,76.4007797241211,15,85,0.07879638671875,0.5800977945327759,Wed,22,Sep,2021,21
2021-09-22T21:48:58Z,-162.4359130859375,-1.5966796875,76.4007797241211,15,85,0.07879638671875,0.5800977945327759,Wed,22,Sep,2021,21
2021-09-22T21:49:00Z,-162.4359130859375,-1.5966796875,76.4007797241211,15,85,0.07879638671875,0.5800977945327759,Wed,22,Sep,2021,21
2021-09-22T21:49:01Z,-41.6552734375,-1.5966796875,76.4007797241211,15,85,0.07879638671875,0.5800977945327759,Wed,22,Sep,2021,21
2021-09-22T21:56:12Z,-41.6552734375,-1.5966796875,73.57023620605469,15,85,0.07879638671875,0.5800977945327759,Wed,22,Sep,2021,21
2021-09-22T21:57:44Z,-41.6552734375,-1.5966796875,72.445709228515625,15,85,0.07879638671875,0.5800977945327759,Wed,22,Sep,2021,21
2021-09-22T21:59:05Z,-41.6552734375,-1.5966796875,71.02640533447266,15,85,0.07879638671875,0.5800977945327759,Wed,22,Sep,2021,21
2021-09-22T22:00:21Z,-41.6552734375,-1.5960693359375,69.96622467041016,15,85,0.07879638671875,0.5800977945327759,Wed,22,Sep,2021,22
2021-09-22T22:00:49Z,-41.6552734375,-1.5960693359375,69.96622467041016,15,85,0.07879638671875,0.5800977945327759,Wed,22,Sep,2021,22
2021-09-22T22:00:50Z,10.1656494140625,-1.5960693359375,69.96622467041016,15,85,0.07879638671875,0.5800977945327759,Wed,22,Sep,2021,22
2021-09-22T22:00:50Z,10.1656494140625,-1.5960693359375,69.96622467041016,15,85,5.299389362335205,0.5800977945327759,Wed,22,Sep,2021,22
2021-09-22T22:00:51Z,10.1656494140625,-1.5960693359375,69.96622467041016,15,85,5.299389362335205,1.0407142639160156,Wed,22,Sep,2021,22
2021-09-22T22:00:51Z,10.1656494140625,-1.5960693359375,69.96622467041016,15,85,5.299389362335205,1.0407142639160156,Wed,22,Sep,2021,22
2021-09-22T22:01:54Z,10.1656494140625,-1.5960693359375,67.2078628540039,15,85,5.299389362335205,1.0407142639160156,Wed,22,Sep,2021,22
2021-09-22T22:03:15Z,10.1656494140625,-1.5960693359375,65.81639862060547,15,85,5.299389362335205,1.0407142639160156,Wed,22,Sep,2021,22
2021-09-22T22:06:49Z,10.1656494140625,-1.5960693359375,64.5579605102539,15,85,5.299389362335205,1.0407142639160156,Wed,22,Sep,2021,22
2021-09-22T22:12:36Z,10.1656494140625,-1.5960693359375,64.5579605102539,15,85,5.299389362335205,1.0407142639160156,Wed,22,Sep,2021,22
2021-09-22T22:12:38Z,10.1656494140625,-1.5799560546875,64.5579605102539,15,85,5.299389362335205,1.0407142639160156,Wed,22,Sep,2021,22
2021-09-22T22:12:39Z,-1.387939453125,-1.5799560546875,64.5579605102539,15,85,5.299389362335205,1.0407142639160156,Wed,22,Sep,2021,22
2021-09-22T22:15:09Z,-1.387939453125,-1.5799560546875,64.032745361328125,15,85,5.299389362335205,1.0407142639160156,Wed,22,Sep,2021,22
2021-09-22T22:24:13Z,-1.387939453125,-1.5125732421875,64.032745361328125,15,85,5.299389362335205,1.0407142639160156,Wed,22,Sep,2021,22
2021-09-22T22:24:15Z,-1.387939453125,-1.5125732421875,64.032745361328125,15,85,5.299389362335205,1.0407142639160156,Wed,22,Sep,2021,22
2021-09-22T22:24:16Z,-2.03900146484375,-1.5125732421875,64.032745361328125,15,85,5.299389362335205,1.0407142639160156,Wed,22,Sep,2021,22
2021-09-22T22:25:30Z,-2.03900146484375,-1.387939453125,63.88157272338867,15,85,5.299389362335205,1.0407142639160156,Wed,22,Sep,2021,22
2021-09-22T22:27:50Z,-2.03900146484375,-1.387939453125,64.2297134399414,15,85,5.299389362335205,1.0407142639160156,Wed,22,Sep,2021,22
2021-09-22T22:35:58Z,-2.03900146484375,-1.387939453125,64.2297134399414,15,85,5.299389362335205,1.0407142639160156,Wed,22,Sep,2021,22
2021-09-22T22:35:59Z,-2.03900146484375,-1.387939453125,64.2297134399414,15,85,5.299389362335205,1.0407142639160156,Wed,22,Sep,2021,22
2021-09-22T22:36:02Z,-0.823974609375,-1.32958984375,64.2297134399414,15,85,5.299389362335205,1.0407142639160156,Wed,22,Sep,2021,22
2021-09-22T22:43:32Z,-0.823974609375,-1.32958984375,64.57251739501953,15,85,5.299389362335205,1.0407142639160156,Wed,22,Sep,2021,22
2021-09-22T22:47:41Z,-0.823974609375,-1.32958984375,64.57251739501953,15,85,5.299389362335205,1.0407142639160156,Wed,22,Sep,2021,22
2021-09-22T22:47:44Z,-0.823974609375,-1.32958984375,64.57251739501953,15,85,5.299389362335205,1.0407142639160156,Wed,22,Sep,2021,22
2021-09-22T22:59:22Z,-0.823974609375,-1.32958984375,64.57251739501953,15,85,5.299389362335205,1.0407142639160156,Wed,22,Sep,2021,22
2021-09-22T22:59:23Z,-0.823974609375,-1.32958984375,64.57251739501953,15,85,5.299389362335205,1.0407142639160156,Wed,22,Sep,2021,22
2021-09-22T23:11:09Z,-0.823974609375,-1.32958984375,64.57251739501953,15,85,5.299389362335205,1.0407142639160156,Wed,22,Sep,2021,23
2021-09-22T23:11:12Z,-0.823974609375,-1.32958984375,64.57251739501953,15,85,5.299389362335205,1.0407142639160156,Wed,22,Sep,2021,23
2021-09-22T23:22:58Z,-0.823974609375,-1.32958984375,64.57251739501953,15,85,5.299389362335205,1.0407142639160156,Wed,22,Sep,2021,23
2021-09-22T23:22:58Z,-1.28955078125,-1.32958984375,64.57251739501953,15,85,5.299389362335205,1.0407142639160156,Wed,22,Sep,2021,23
2021-09-22T23:22:59Z,-1.28955078125,-1.28955078125,64.57251739501953,15,85,5.299389362335205,1.0407142639160156,Wed,22,Sep,2021,23
2021-09-22T23:34:37Z,-1.28955078125,-1.28955078125,64.57251739501953,15,85,5.299389362335205,1.0407142639160156,Wed,22,Sep,2021,23
2021-09-22T23:34:37Z,-1.6669921875,-1.28955078125,64.57251739501953,15,85,5.299389362335205,1.0407142639160156,Wed,22,Sep,2021,23
2021-09-22T23:34:38Z,-1.6669921875,-1.27459716796875,64.57251739501953,15,85,5.299389362335205,1.0407142639160156,Wed,22,Sep,2021,23
2021-09-22T23:36:11Z,-1.6669921875,-1.27459716796875,64.82511138916016,15,85,5.299389362335205,1.0407142639160156,Wed,22,Sep,2021,23
2021-09-22T23:39:38Z,-1.6669921875,-1.27459716796875,66.01024627685547,15,85,5.299389362335205,1.0407142639160156,Wed,22,Sep,2021,23
2021-09-22T23:41:11Z,-1.6669921875,-1.27459716796875,66.78370666503906,15,85,5.299389362335205,1.0407142639160156,Wed,22,Sep,2021,23
2021-09-22T23:42:36Z,-1.6669921875,-1.15667724609375,67.45369720458984,15,85,5.299389362335205,1.0407142639160156,Wed,22,Sep,2021,23
2021-09-22T23:46:02Z,-1.6669921875,-1.15667724609375,69.098968505859375,15,85,5.299389362335205,1.0407142639160156,Wed,22,Sep,2021,23
2021-09-22T23:46:19Z,-1.6669921875,-1.15667724609375,69.098968505859375,15,85,5.299389362335205,1.0407142639160156,Wed,22,Sep,2021,23
2021-09-22T23:46:22Z,-1.6669921875,-1.07537841796875,69.098968505859375,15,85,5.299389362335205,1.0407142639160156,Wed,22,Sep,2021,23
2021-09-22T23:46:22Z,-1.6102294921875,-1.07537841796875,69.098968505859375,15,85,5.299389362335205,1.0407142639160156,Wed,22,Sep,2021,23
2021-09-22T23:49:44Z,-1.6102294921875,-1.07537841796875,70.11738586425781,15,85,5.299389362335205,1.0407142639160156,Wed,22,Sep,2021,23
2021-09-22T23:57:49Z,-1.6102294921875,-0.9522705078125,70.11738586425781,15,85,5.299389362335205,1.0407142639160156,Wed,22,Sep,2021,23
2021-09-22T23:57:52Z,-0.172607421875,-0.9522705078125,70.11738586425781,15,85,5.299389362335205,1.0407142639160156,Wed,22,Sep,2021,23
2021-09-22T23:57:52Z,-0.172607421875,-0.9522705078125,70.11738586425781,15,85,5.299389362335205,1.0407142639160156,Wed,22,Sep,2021,23
